Month,Sales
1,560000.260000023
2,498062.650000027
3,683267.080000019
4,493207.121000025
5,723333.51000001
6,691123.120000023
7,681300.11100003
8,682680.510000018
9,1019687.62200001
10,1070704.66999998
11,1461756.24999976
12,1182625.0299999
